{"cameraMode":{"drawMode":0,"name":"Shaded","section":"Shading Mode"},"sceneLighting":true,"audioPlay":false,"sceneViewState":{"m_AlwaysRefresh":false,"showFog":true,"showSkybox":true,"showFlares":true,"showImageEffects":true,"showParticleSystems":true,"showVisualEffectGraphs":true,"m_FxEnabled":true},"in2DMode":false,"pivot":{"x":-1.380820393562317,"y":-0.4378492832183838,"z":25.534141540527345},"rotation":{"x":-0.09394700825214386,"y":0.09306035190820694,"z":-0.008837937377393246,"w":-0.9912096858024597},"size":11.369912147521973,"orthographic":false}